Hostname,Label,Vod,Live,Situação



gca-vivo-spovun001,edge-vivo-vun-sp,vod-01.edge-vivo-vun-sp.video.globo.com,live-01.edge-vivo-vun-sp.video.globo.com,Produção
gca-vivo-spopen01,edge-vivo-pen-sp,vod-01.edge-vivo-pen-sp.video.globo.com,live-01.edge-vivo-pen-sp.video.globo.com,Produção
gca-vivo-ldagmb001,edge-vivo-ldb-pr,vod-01.edge-vivo-ldb-pr.video.globo.com,live-01.edge-vivo-ldb-pr.video.globo.com,Desativado
gca-vivo-rjobar001,edge-vivo-bar-rj,vod-01.edge-vivo-bar-rj.video.globo.com,live-01.edge-vivo-bar-rj.video.globo.com,Produção
gca-vivo-rjosa001-old,edge-vivo-osa-rj,vod-01.edge-vivo-osa-rj.video.globo.com,live-01.edge-vivo-osa-rj.video.globo.com,Desativado
gca-vivo-spomrb001,edge-vivo-mrb-sp,vod-01.edge-vivo-mrb-sp.video.globo.com,live-01.edge-vivo-mrb-sp.video.globo.com,Produção
gca-vivo-spovun002,edge-vivo-vun-sp,vod-02.edge-vivo-vun-sp.video.globo.com,live-02.edge-vivo-vun-sp.video.globo.com,Produção
gca-vivo-spopen02,edge-vivo-pen-sp,vod-02.edge-vivo-pen-sp.video.globo.com,live-02.edge-vivo-pen-sp.video.globo.com,Produção
gca-vivo-spomrb002,edge-vivo-mrb-sp,vod-02.edge-vivo-mrb-sp.video.globo.com,live-02.edge-vivo-mrb-sp.video.globo.com,Produção
gca-flip-sparu001,edge-flip-aru-sp,vod-01.edge-flip-aru-sp.video.globo.com,live-01.edge-flip-aru-sp.video.globo.com,Produção
gca-aranet-paprs001,edge-aranet-prs-pa,vod-01.edge-aranet-prs-pa.video.globo.com,live-01.edge-aranet-prs-pa.video.globo.com,Produção
gca-brisanet-bassa001,edge-brisanet-ssa-ba,vod-01.edge-brisanet-ssa-ba.video.globo.com,live-01.edge-brisanet-ssa-ba.video.globo.com,Produção
gca-espdigital-rjbrx001,edge-espdigital-brx-rj,vod-01.edge-espdigital-brx-rj.video.globo.com,live-01.edge-espdigital-brx-rj.video.globo.com,Produção
gca-fasternet-spcqo001,edge-fasternet-cqo-sp,vod-01.edge-fasternet-cqo-sp.video.globo.com,live-01.edge-fasternet-cqo-sp.video.globo.com,Produção
gca-ibi-mggvr001,edge-ibi-gvr-mg,vod-01.edge-ibi-gvr-mg.video.globo.com,live-01.edge-ibi-gvr-mg.video.globo.com,Produção
gca-k2-rjgpm001,edge-k2-gpm-rj,vod-01.edge-k2-gpm-rj.video.globo.com,live-01.edge-k2-gpm-rj.video.globo.com,Produção
gca-k2-rjsrl001,edge-k2-srl-rj,vod-01.edge-k2-srl-rj.video.globo.com,live-01.edge-k2-srl-rj.video.globo.com,Produção
gca-k2-rjcaw001,edge-k2-caw-rj,vod-01.edge-k2-caw-rj.video.globo.com,live-01.edge-k2-caw-rj.video.globo.com,Desativado
gca-maxxnet-mgbhz001,edge-maxxnet-bhz-mg,vod-01.edge-maxxnet-bhz-mg.video.globo.com,live-01.edge-maxxnet-bhz-mg.video.globo.com,Produção
gca-netiz-seaju001,edge-netiz-aju-se,vod-01.edge-netiz-aju-se.video.globo.com,live-01.edge-netiz-aju-se.video.globo.com,Produção
gca-pjmnet-pbcpv001,edge-pjmnet-cpv-pb,vod-01.edge-pjmnet-cpv-pb.video.globo.com,live-01.edge-pjmnet-cpv-pb.video.globo.com,Produção
gca-proxxima-pbcpv001,edge-proxxima-cpv-pb,vod-01.edge-proxxima-cpv-pb.video.globo.com,live-01.edge-proxxima-cpv-pb.video.globo.com,Produção
gca-razaoinfo-rspfb001,edge-razaoinfo-pfb-rs,vod-01.edge-razaoinfo-pfb-rs.video.globo.com,live-01.edge-razaoinfo-pfb-rs.video.globo.com,Produção
gca-smart-cecuc001,edge-smart-cuc-ce,vod-01.edge-smart-cuc-ce.video.globo.com,live-01.edge-smart-cuc-ce.video.globo.com,Produção
gca-technet-goipr001,edge-technet-ipr-go,vod-01.edge-technet-ipr-go.video.globo.com,live-01.edge-technet-ipr-go.video.globo.com,Produção
gca-westlink-rjmrc001,edge-westlink-mrc-rj,vod-01.edge-westlink-mrc-rj.video.globo.com,live-01.edge-westlink-mrc-rj.video.globo.com,Produção
gca-ultranet-mgcfb001,edge-ultranet-cfb-mg,vod-01.edge-ultranet-cfb-mg.video.globo.com,live-01.edge-ultranet-cfb-mg.video.globo.com,Produção
gca-conect-rjsrl001,edge-conect-srl-rj,vod-01.edge-conect-srl-rj.video.globo.com,live-01.edge-conect-srl-rj.video.globo.com,Produção
gca-emitel-mgtfl001,edge-emitel-tfl-mg,vod-01.edge-emitel-tfl-mg.video.globo.com,live-01.edge-emitel-tfl-mg.video.globo.com,Produção
gca-dinamica-esvve001,edge-dinamica-vve-es,vod-01.edge-dinamica-vve-es.video.globo.com,live-01.edge-dinamica-vve-es.video.globo.com,Produção
gca-redeonline-rjjai001,edge-redeonline-jai-rj,vod-01.edge-redeonline-jai-rj.video.globo.com,live-01.edge-redeonline-jai-rj.video.globo.com,Produção
gca-visual-peola001,edge-visual-ola-pe,vod-01.edge-visual-ola-pe.video.globo.com,live-01.edge-visual-ola-pe.video.globo.com,Produção
gca-sumicity-spcgu001,edge-sumi-cgu-sp,vod-01.edge-sumi-cgu-sp.video.globo.com,live-01.edge-sumi-cgu-sp.video.globo.com,Produção
gca-net-rjntr001,edge-claro-ntr-rj,vod-01.edge-claro-ntr-rj.video.globo.com,live-01.edge-claro-ntr-rj.video.globo.com,Produção
gca-net-spsjp001,edge-claro-sjp-sp,vod-01.edge-claro-sjp-sp.video.globo.com,live-01.edge-claro-sjp-sp.video.globo.com,Produção
gca-zaaz-spqvp001,edge-zaaz-qvp-sp,vod-01.edge-zaaz-qvp-sp.video.globo.com,live-01.edge-zaaz-qvp-sp.video.globo.com,Produção
gca-net-spsvt001,edge-claro-svt-sp,vod-01.edge-claro-svt-sp.video.globo.com,live-01.edge-claro-svt-sp.video.globo.com,Produção
gca-infortel-baepo001,edge-infortel-epo-ba,vod-01.edge-infortel-epo-ba.video.globo.com,live-01.edge-infortel-epo-ba.video.globo.com,Produção
gca-north-mgplu001,edge-north-plu-mg,vod-01.edge-north-plu-mg.video.globo.com,live-01.edge-north-plu-mg.video.globo.com,Produção
gca-cznet-rsrbt001,edge-cznet-rbt-rs,vod-01.edge-cznet-rbt-rs.video.globo.com,live-01.edge-cznet-rbt-rs.video.globo.com,Desativado
gca-sjnet-rjsjm001,edge-sjnet-sjm-rj,vod-01.edge-sjnet-sjm-rj.video.globo.com,live-01.edge-sjnet-sjm-rj.video.globo.com,Produção
gca-gft-pecau001,edge-gft-cau-pe,vod-01.edge-gft-cau-pe.video.globo.com,live-01.edge-gft-cau-pe.video.globo.com,Produção
gca-internexa-rjsdu001,edge-internexa-sdu-rj,vod-01.edge-internexa-sdu-rj.video.globo.com,live-01.edge-internexa-sdu-rj.video.globo.com,Produção
gca-g6-mgiaj001,edge-g6-iaj-mg,vod-01.edge-g6-iaj-mg.video.globo.com,live-01.edge-g6-iaj-mg.video.globo.com,Produção
gca-net-scitj001,edge-claro-itj-sc,vod-01.edge-claro-itj-sc.video.globo.com,live-01.edge-claro-itj-sc.video.globo.com,Produção
gca-htm-machh001,edge-htm-chh-ma,vod-01.edge-htm-chh-ma.video.globo.com,live-01.edge-htm-chh-ma.video.globo.com,Produção
gca-direct-pithe001,edge-direct-the-pi,vod-01.edge-direct-the-pi.video.globo.com,live-01.edge-direct-the-pi.video.globo.com,Produção
gca-webby-spous001,edge-webby-ous-sp,vod-01.edge-webby-ous-sp.video.globo.com,live-01.edge-webby-ous-sp.video.globo.com,Produção
gca-winet-spgru001,edge-winet-gru-sp,vod-01.edge-winet-gru-sp.video.globo.com,live-01.edge-winet-gru-sp.video.globo.com,Produção
gca-speednet-rjvra001,edge-speednet-vra-rj,vod-01.edge-speednet-vra-rj.video.globo.com,live-01.edge-speednet-vra-rj.video.globo.com,Produção
gca-giganet-roope001,edge-giganet-ope-ro,vod-01.edge-giganet-ope-ro.video.globo.com,live-01.edge-giganet-ope-ro.video.globo.com,Produção
gca-altarede-rjnfu001,edge-altarede-nfu-rj,vod-01.edge-altarede-nfu-rj.video.globo.com,live-01.edge-altarede-nfu-rj.video.globo.com,Produção
gca-ultraconexao-rjita001,edge-ultraconexao-ita-rj,vod-01.edge-ultraconexao-ita-rj.video.globo.com,live-01.edge-ultraconexao-ita-rj.video.globo.com,Deploy
gca-vtal-ceald001,edge-vtal-for-ce,vod-01.edge-vtal-for-ce.video.globo.com,live-01.edge-vtal-for-ce.video.globo.com,Produção
gca-vtal-dfstco001,edge-vtal-bsb-df,vod-01.edge-vtal-bsb-df.video.globo.com,live-01.edge-vtal-bsb-df.video.globo.com,Produção
gca-vtal-gocto001,edge-vtal-gyn-go,vod-01.edge-vtal-gyn-go.video.globo.com,live-01.edge-vtal-gyn-go.video.globo.com,Produção
gca-vtal-prctje001,edge-vtal-cwb-pr,vod-01.edge-vtal-cwb-pr.video.globo.com,live-01.edge-vtal-cwb-pr.video.globo.com,Produção
gca-vtal-rjbrb001,edge-vtal-sdu-rj,vod-01.edge-vtal-sdu-rj.video.globo.com,live-01.edge-vtal-sdu-rj.video.globo.com,Produção
gca-vtal-rsbva001,edge-vtal-poa-rs,vod-01.edge-vtal-poa-rs.video.globo.com,live-01.edge-vtal-poa-rs.video.globo.com,Produção
gca-vtal-rsmtz001,edge-vtal-poamtz-rs,vod-01.edge-vtal-poamtz-rs.video.globo.com,live-01.edge-vtal-poamtz-rs.video.globo.com,Produção
gca-eletronet-rsgrav001,edge-elet-poa-rs,vod-01.edge-elet-poa-rs.video.globo.com,live-01.edge-elet-poa-rs.video.globo.com,Desativado
gca-brasilnet-rjctg001,edge-brasilnet-ctg-rj,vod-01.edge-brasilnet-ctg-rj.video.globo.com,live-01.edge-brasilnet-ctg-rj.video.globo.com,Produção
gca-goldenlink-rjsdu001,edge-goldenlink-sdu-rj,vod-01.edge-goldenlink-sdu-rj.video.globo.com,live-01.edge-goldenlink-sdu-rj.video.globo.com,Produção
gca-brasiltecpar-mtcgb001,edge-brasiltecpar-cgb-mt,vod-01.edge-brasiltecpar-cgb-mt.video.globo.com,live-01.edge-brasiltecpar-cgb-mt.video.globo.com,Produção
gca-acessonline-scxap001,edge-acessonline-xap-sc,vod-01.edge-acessonline-xap-sc.video.globo.com,live-01.edge-acessonline-xap-sc.video.globo.com,Produção
gca-star1-maslz001,edge-star1-slz-ma,vod-01.edge-star1-slz-ma.video.globo.com,live-01.edge-star1-slz-ma.video.globo.com,Produção
gca-azza-spbri001,edge-azza-bri-sp,vod-01.edge-azza-bri-sp.video.globo.com,live-01.edge-azza-bri-sp.video.globo.com,Produção
gca-hostdime-pbjpa001,edge-hostdime-jpa-pb,vod-01.edge-hostdime-jpa-pb.video.globo.com,live-01.edge-hostdime-jpa-pb.video.globo.com,Produção
gca-k2-esser001,edge-k2-ser-es,vod-01.edge-k2-ser-es.video.globo.com,live-01.edge-k2-ser-es.video.globo.com,Produção
gca-sumicity-rjita002,edge-sumi-ita-rj,vod-02.edge-sumi-ita-rj.video.globo.com,live-02.edge-sumi-ita-rj.video.globo.com,Produção
gca-sumicity-rjgua002,edge-sumi-gua-rj,vod-02.edge-sumi-gua-rj.video.globo.com,live-02.edge-sumi-gua-rj.video.globo.com,Produção
gca-westlink-rjmrc002,edge-westlink-mrc-rj,vod-02.edge-westlink-mrc-rj.video.globo.com,live-02.edge-westlink-mrc-rj.video.globo.com,Produção
gca-vivo-spopen03,edge-vivo-pen-sp,vod-03.edge-vivo-pen-sp.video.globo.com,live-03.edge-vivo-pen-sp.video.globo.com,Produção
gca-mottanet-spirr001,edge-mottanet-irr-sp,vod-01.edge-mottanet-irr-sp.video.globo.com,live-01.edge-mottanet-irr-sp.video.globo.com,Produção
gca-sjnet-rjsjm002,edge-sjnet-sjm-rj,vod-02.edge-sjnet-sjm-rj.video.globo.com,live-02.edge-sjnet-sjm-rj.video.globo.com,Produção
gca-america-spjtc001,edge-america-jtc-sp,vod-01.edge-america-jtc-sp.video.globo.com,live-01.edge-america-jtc-sp.video.globo.com,Produção
gca-net-sposa002,edge-claro-osa-sp,vod-02.edge-claro-osa-sp.video.globo.com,live-02.edge-claro-osa-sp.video.globo.com,Produção
gca-net-bhz002,edge-claro-plu-mg,vod-02.edge-claro-plu-mg.video.globo.com,live-02.edge-claro-plu-mg.video.globo.com,Produção
gca-net-sne002,edge-claro-sne-sp,vod-02.edge-claro-sne-sp.video.globo.com,live-02.edge-claro-sne-sp.video.globo.com,Produção
gca-vtal-rjdqx001,edge-vtal-dcs-rj,vod-01.edge-vtal-dcs-rj.video.globo.com,live-01.edge-vtal-dcs-rj.video.globo.com,Produção
gca-net-rec002,edge-claro-rec-pe,vod-02.edge-claro-rec-pe.video.globo.com,live-02.edge-claro-rec-pe.video.globo.com,Produção
gca-net-poa002,edge-claro-poa-rs,vod-02.edge-claro-poa-rs.video.globo.com,live-02.edge-claro-poa-rs.video.globo.com,Desativado
gca-net-ssa002,edge-claro-ssa-ba,vod-02.edge-claro-ssa-ba.video.globo.com,live-02.edge-claro-ssa-ba.video.globo.com,Produção
gca-net-cwb002,edge-claro-cwb-pr,vod-02.edge-claro-cwb-pr.video.globo.com,live-02.edge-claro-cwb-pr.video.globo.com,Desativado
gca-net-bsb003,edge-claro-bsb-df,vod-03.edge-claro-bsb-df.video.globo.com,live-03.edge-claro-bsb-df.video.globo.com,Desativado
gca-net-rbr002,edge-claro-rao-sp,vod-02.edge-claro-rao-sp.video.globo.com,live-02.edge-claro-rao-sp.video.globo.com,Produção
gca-net-spsjp002,edge-claro-sjp-sp,vod-02.edge-claro-sjp-sp.video.globo.com,live-02.edge-claro-sjp-sp.video.globo.com,Produção
gca-ebt-maoem003,edge-claro-mao-am,vod-03.edge-claro-mao-am.video.globo.com,live-03.edge-claro-mao-am.video.globo.com,Desativado
gca-net-bhz003,edge-claro-plu-mg,vod-03.edge-claro-plu-mg.video.globo.com,live-03.edge-claro-plu-mg.video.globo.com,Desativado
gca-turbo-bafec002-old,edge-turbo-fec-ba,vod-02.edge-turbo-fec-ba.video.globo.com,live-02.edge-turbo-fec-ba.video.globo.com,Desativado
gca-net-prnrj001,edge-claro-prn-rj,vod-01.edge-claro-prn-rj.video.globo.com,live-01.edge-claro-prn-rj.video.globo.com,Produção
gca-net-botrj001,edge-claro-bot-rj,vod-01.edge-claro-bot-rj.video.globo.com,live-01.edge-claro-bot-rj.video.globo.com,Produção
gca-net-tijrj001,edge-claro-tij-rj,vod-01.edge-claro-tij-rj.video.globo.com,live-01.edge-claro-tij-rj.video.globo.com,Produção
gca-net-mnbrj001,edge-claro-mnb-rj,vod-01.edge-claro-mnb-rj.video.globo.com,live-01.edge-claro-mnb-rj.video.globo.com,Produção
gca-net-oscrj001,edge-claro-osc-rj,vod-01.edge-claro-osc-rj.video.globo.com,live-01.edge-claro-osc-rj.video.globo.com,Produção
gca-net-cpgrj001,edge-claro-cpg-rj,vod-01.edge-claro-cpg-rj.video.globo.com,live-01.edge-claro-cpg-rj.video.globo.com,Produção
gca-net-bpirj001,edge-claro-bpi-rj,vod-01.edge-claro-bpi-rj.video.globo.com,live-01.edge-claro-bpi-rj.video.globo.com,Produção
gca-net-slcrj001,edge-claro-slc-rj,vod-01.edge-claro-slc-rj.video.globo.com,live-01.edge-claro-slc-rj.video.globo.com,Produção
gca-net-gru001,edge-claro-gru-sp,vod-01.edge-claro-gru-sp.video.globo.com,live-01.edge-claro-gru-sp.video.globo.com,Produção
gca-vivo-rjosa001,edge-vivo-osa-rj,vod-01.edge-vivo-osa-rj.video.globo.com,live-01.edge-vivo-osa-rj.video.globo.com,Produção
gca-eletronet-mggvr001,edge-eletronet-gvr-mg,vod-01.edge-eletronet-gvr-mg.video.globo.com,live-01.edge-eletronet-gvr-mg.video.globo.com,Produção
gca-vivo-spopen004,edge-vivo-pen-sp,vod-04.edge-vivo-pen-sp.video.globo.com,live-04.edge-vivo-pen-sp.video.globo.com,Produção
gca-net-poa003,edge-claro-poa-rs,vod-03.edge-claro-poa-rs.video.globo.com,live-03.edge-claro-poa-rs.video.globo.com,Desativado
gca-vivo-rjobar002,edge-vivo-bar-rj,vod-02.edge-vivo-bar-rj.video.globo.com,live-02.edge-vivo-bar-rj.video.globo.com,Produção
gca-net-gru002,edge-claro-gru-sp,vod-02.edge-claro-gru-sp.video.globo.com,live-02.edge-claro-gru-sp.video.globo.com,Produção
gca-vivo-casce002,edge-vivo-vcp-sp,vod-02.edge-vivo-vcp-sp.video.globo.com,live-02.edge-vivo-vcp-sp.video.globo.com,Produção
gca-net-stsnet001,edge-claro-stsnet-sp,vod-01.edge-claro-stsnet-sp.video.globo.com,live-01.edge-claro-stsnet-sp.video.globo.com,Produção
gca-vivo-spomrb003,edge-vivo-mrb-sp,vod-03.edge-vivo-mrb-sp.video.globo.com,live-03.edge-vivo-mrb-sp.video.globo.com,Produção
gca-vivo-snesan002,edge-vivo-sne-sp,vod-02.edge-vivo-sne-sp.video.globo.com,live-02.edge-vivo-sne-sp.video.globo.com,Produção
gca-vivo-spovm003,edge-vivo-vm-sp,vod-03.edge-vivo-vm-sp.video.globo.com,live-03.edge-vivo-vm-sp.video.globo.com,Produção
gca-vivo-spopdz003,edge-vivo-pdz-sp,vod-03.edge-vivo-pdz-sp.video.globo.com,live-03.edge-vivo-pdz-sp.video.globo.com,Produção
gca-vivo-spovun003,edge-vivo-vun-sp,vod-03.edge-vivo-vun-sp.video.globo.com,live-03.edge-vivo-vun-sp.video.globo.com,Produção
gca-gtce-giganet-dfbsb001,edge-gtce-giganet-bsb-df,vod-01.edge-gtce-giganet-bsb-df.video.globo.com,live-01.edge-gtce-giganet-bsb-df.video.globo.com,Produção
gca-gtce-acessonet-seest001,edge-gtce-acessonet-est-se,vod-01.edge-gtce-acessonet-est-se.video.globo.com,live-01.edge-gtce-acessonet-est-se.video.globo.com,Produção
gca-gtce-emex-rjadr001,edge-gtce-emex-adr-rj,vod-01.edge-gtce-emex-adr-rj.video.globo.com,live-01.edge-gtce-emex-adr-rj.video.globo.com,Produção
gca-gtce-altanet-paatm001,gtce-altanet-atm-pa,vod-01.gtce-altanet-atm-pa.video.globo.com,live-01.gtce-altanet-atm-pa.video.globo.com,Produção
gca-gtce-jcit-pardc001,gtce-jcit-rdc-pa,vod-01.gtce-jcit-rdc-pa.video.globo.com,live-01.gtce-jcit-rdc-pa.video.globo.com,Produção
gca-gtce-fibralink-pamab001,gtce-fibralink-mab-pa,vod-01.gtce-fibralink-mab-pa.video.globo.com,live-01.gtce-fibralink-mab-pa.video.globo.com,Produção
gca-gtce-msfibra-rjadr001,gtce-msfibra-adr-rj,vod-01.gtce-msfibra-adr-rj.video.globo.com,live-01.gtce-msfibra-adr-rj.video.globo.com,Produção
gca-gtce-conecta-pajur001,gtce-conecta-jur-pa,vod-01.gtce-conecta-jur-pa.video.globo.com,live-01.gtce-conecta-jur-pa.video.globo.com,Produção
gca-gtce-visualnet-pamte001,gtce-visualnet-mte-pa,vod-01.gtce-visualnet-mte-pa.video.globo.com,live-01.gtce-visualnet-mte-pa.video.globo.com,Produção
gca-gtce-ghnet-mgghe001,gtce-ghnet-ghe-mg,vod-01.gtce-ghnet-ghe-mg.video.globo.com,live-01.gtce-ghnet-ghe-mg.video.globo.com,Produção
gca-gtce-m2b-mscds001,gtce-m2b-cds-ms,vod-01.gtce-m2b-cds-ms.video.globo.com,live-01.gtce-m2b-cds-ms.video.globo.com,Produção
gca-brasiltecpar-rspoa001,edge-brasiltecpar-poa-rs,vod-01.edge-brasiltecpar-poa-rs.video.globo.com,live-01.edge-brasiltecpar-poa-rs.video.globo.com,Produção
gca-gtce-rgplay-esphs001,gtce-rgplay-phs-es,vod-01.gtce-rgplay-phs-es.video.globo.com,live-01.gtce-rgplay-phs-es.video.globo.com,Produção
gca-gtce-wlanint-pabel001,gtce-wlanint-bel-pa,vod-01.gtce-wlanint-bel-pa.video.globo.com,live-01.gtce-wlanint-bel-pa.video.globo.com,Produção
gca-gtce-orixinet-paorx001,gtce-orixinet-orx-pa,vod-01.gtce-orixinet-orx-pa.video.globo.com,live-01.gtce-orixinet-orx-pa.video.globo.com,Produção
gca-gtce-proserv-paatm001,gtce-proserv-atm-pa,vod-01.gtce-proserv-atm-pa.video.globo.com,live-01.gtce-proserv-atm-pa.video.globo.com,Produção
gca-gtce-vision-ammao001,gtce-vision-mao-am,vod-01.gtce-vision-mao-am.video.globo.com,live-01.gtce-vision-mao-am.video.globo.com,Produção
gca-gtce-netprime-topmw001,gtce-netprime-pmw-to,vod-01.gtce-netprime-pmw-to.video.globo.com,live-01.gtce-netprime-pmw-to.video.globo.com,Produção
gca-gtce-turbonet-bafec001,gtce-turbonet-fec-ba,vod-01.gtce-turbonet-fec-ba.video.globo.com,live-01.gtce-turbonet-fec-ba.video.globo.com,Produção
gca-gtce-speednet-maslz001,gtce-speednet-slz-ma,vod-01.gtce-speednet-slz-ma.video.globo.com,live-01.gtce-speednet-slz-ma.video.globo.com,Produção
gca-gtce-fastnet-serbl001,gtce-fastnet-rbl-se,vod-01.gtce-fastnet-rbl-se.video.globo.com,live-01.gtce-fastnet-rbl-se.video.globo.com,Produção
gca-gtce-araujosat-cecat001,gtce-araujosat-cat-ce,vod-01.gtce-araujosat-cat-ce.video.globo.com,live-01.gtce-araujosat-cat-ce.video.globo.com,Produção
gca-gtce-wordnet-rspet001,gtce-wordnet-pet-rs,vod-01.gtce-wordnet-pet-rs.video.globo.com,live-01.gtce-wordnet-pet-rs.video.globo.com,Produção
gca-gtce-lwnet-cebvm001,gtce-lwnet-bvm-ce,vod-01.gtce-lwnet-bvm-ce.video.globo.com,live-01.gtce-lwnet-bvm-ce.video.globo.com,Produção
gca-gtce-agtelecom-pacma001,gtce-agtelecom-cma-pa,vod-01.gtce-agtelecom-cma-pa.video.globo.com,live-01.gtce-agtelecom-cma-pa.video.globo.com,Produção
gca-gtce-novatelecom-topmw001,gtce-novatelecom-pmw-to,vod-01.gtce-novatelecom-pmw-to.video.globo.com,live-01.gtce-novatelecom-pmw-to.video.globo.com,Produção
gca-gtce-eanet-baicw001,gtce-eanet-icw-ba,vod-01.gtce-eanet-icw-ba.video.globo.com,live-01.gtce-eanet-icw-ba.video.globo.com,Produção
gca-gtce-unonet-acczs001,gtce-unonet-czs-ac,vod-01.gtce-unonet-czs-ac.video.globo.com,live-01.gtce-unonet-czs-ac.video.globo.com,Produção
gca-gtce-rodrigues-ropvh001,gtce-rodrigues-pvh-ro,vod-01.gtce-rodrigues-pvh-ro.video.globo.com,live-01.gtce-rodrigues-pvh-ro.video.globo.com,Produção
gca-gtce-redetel-paprs001,gtce-redetel-prs-pa,vod-01.gtce-redetel-prs-pa.video.globo.com,live-01.gtce-redetel-prs-pa.video.globo.com,Produção
gca-gtce-lexcom-bacci001,gtce-lexcom-cci-ba,vod-01.gtce-lexcom-cci-ba.video.globo.com,live-01.gtce-lexcom-cci-ba.video.globo.com,Produção
gca-gtce-smtel-pacas001,gtce-smtel-cas-pa,vod-01.gtce-smtel-cas-pa.video.globo.com,live-01.gtce-smtel-cas-pa.video.globo.com,Produção
gca-gtce-redetel-masis001,gtce-redetel-sis-ma,vod-01.gtce-redetel-sis-ma.video.globo.com,live-01.gtce-redetel-sis-ma.video.globo.com,Produção
gca-gtce-seegfibras-mtccx001,gtce-seegfibras-ccx-mt,vod-01.gtce-seegfibras-ccx-mt.video.globo.com,live-01.gtce-seegfibras-ccx-mt.video.globo.com,Produção
gca-gtce-clicfacil-paitb001,gtce-clicfacil-itb-pa,vod-01.gtce-clicfacil-itb-pa.video.globo.com,live-01.gtce-clicfacil-itb-pa.video.globo.com,Produção
gca-gtce-topnet-bajeo001,gtce-topnet-jeo-ba,vod-01.gtce-topnet-jeo-ba.video.globo.com,live-01.gtce-topnet-jeo-ba.video.globo.com,Produção
gca-gtce-alencarnet-malre001,gtce-alencarnet-lre-ma,vod-01.gtce-alencarnet-lre-ma.video.globo.com,live-01.gtce-alencarnet-lre-ma.video.globo.com,Produção
gca-gtce-lune-pabel001,gtce-lune-bel-pa,vod-01.gtce-lune-bel-pa.video.globo.com,live-01.gtce-lune-bel-pa.video.globo.com,Produção
gca-vivo-bhebhf002,edge-vivo-plu-mg,vod-02.edge-vivo-plu-mg.video.globo.com,live-02.edge-vivo-plu-mg.video.globo.com,Produção
gca-gtce-hnet-pesun001,gtce-hnet-sun-pe,vod-01.gtce-hnet-sun-pe.video.globo.com,live-01.gtce-hnet-sun-pe.video.globo.com,Produção
gca-gtce-mixconect-scsjw001,gtce-mixconect-sjw-sc,vod-01.gtce-mixconect-sjw-sc.video.globo.com,live-01.gtce-mixconect-sjw-sc.video.globo.com,Produção
gca-vivo-rjosa002,edge-vivo-osa-rj,vod-02.edge-vivo-osa-rj.video.globo.com,live-02.edge-vivo-osa-rj.video.globo.com,Produção
gca-vivo-rjobar003,edge-vivo-bar-rj,vod-03.edge-vivo-bar-rj.video.globo.com,live-03.edge-vivo-bar-rj.video.globo.com,Produção
gca-claro-mgbhz001,edge-claro-plu-mg,vod-01.edge-claro-plu-mg.video.globo.com,live-01.edge-claro-plu-mg.video.globo.com,Produção
gca-gtce-wnpnet-panpr001,gtce-wnpnet-npr-pa,vod-01.gtce-wnpnet-npr-pa.video.globo.com,live-01.gtce-wnpnet-npr-pa.video.globo.com,Produção
gca-claro-dfbsb001,edge-claro-bsb-df,vod-01.edge-claro-bsb-df.video.globo.com,live-01.edge-claro-bsb-df.video.globo.com,Produção
gca-claro-rspoa001,edge-claro-poa-rs,vod-01.edge-claro-poa-rs.video.globo.com,live-01.edge-claro-poa-rs.video.globo.com,Produção
gca-vivo-casce003,edge-vivo-vcp-sp,vod-03.edge-vivo-vcp-sp.video.globo.com,live-03.edge-vivo-vcp-sp.video.globo.com,Produção
gca-gtce-acesso-cejdo001,gtce-acesso-jdo-ce,vod-01.gtce-acesso-jdo-ce.video.globo.com,live-01.gtce-acesso-jdo-ce.video.globo.com,Produção
gca-gtce-ncinet-rjpsu001,gtce-ncinet-psu-rj,vod-01.gtce-ncinet-psu-rj.video.globo.com,live-01.gtce-ncinet-psu-rj.video.globo.com,Produção
gca-gtce-3dtelecom-scbnt001,gtce-3dtelecom-bnt-sc,vod-01.gtce-3dtelecom-bnt-sc.video.globo.com,live-01.gtce-3dtelecom-bnt-sc.video.globo.com,Produção
gca-gtce-plusn-prigu001,gtce-plusn-igu-pr,vod-01.gtce-plusn-igu-pr.video.globo.com,live-01.gtce-plusn-igu-pr.video.globo.com,Produção
gca-gtce-ifiber-prnlo001,gtce-gtce-ifiber-nlo-pr,vod-01.gtce-gtce-ifiber-nlo-pr.video.globo.com,live-01.gtce-ifiber-nlo-pr.video.globo.com,Produção
gca-gtce-eletrotel-bapnu001,gtce-eletrotel-pnu-ba,vod-01.gtce-eletrotel-pnu-ba.video.globo.com,live-01.gtce-eletrotel-pnu-ba.video.globo.com,Deploy
gca-gtce-work-rjqia001,gtce-work-qia-rj,vod-01.gtce-work-qia-rj.video.globo.com,live-01.gtce-work-qia-rj.video.globo.com,Produção
gca-gtce-infonet-alapq001,gtce-infonet-apq-al,vod-01.gtce-infonet-apq-al.video.globo.com,live-01.gtce-infonet-apq-al.video.globo.com,Produção
gca-gtce-speednet-patac001,gtce-speednet-tac-pa,vod-01.gtce-speednet-tac-pa.video.globo.com,live-01.gtce-speednet-tac-pa.video.globo.com,Produção
gca-gtce-jjinter-prate001,gtce-jjinter-ate-pr,vod-01.gtce-jjinter-ate-pr.video.globo.com,live-01.gtce-jjinter-ate-pr.video.globo.com,Produção
gca-gtce-sacranet-mguba001,gtce-sacranet-uba-mg,vod-01.gtce-sacranet-uba-mg.video.globo.com,live-01.gtce-sacranet-uba-mg.video.globo.com,Produção
gca-gtce-dbugtel-prpmy001,gtce-dbugtel-pmy-pr,vod-01.gtce-dbugtel-pmy-pr.video.globo.com,live-01.gtce-dbugtel-pmy-pr.video.globo.com,Deploy
gca-gtce-xturbo-sparr001,gtce-xturbo-arr-sp,vod-01.gtce-xturbo-arr-sp.video.globo.com,live-01.gtce-xturbo-arr-sp.video.globo.com,Produção
gca-gtce-nippontec-mabss001,gtce-nippontec-bss-ma,vod-01.gtce-nippontec-bss-ma.video.globo.com,live-01.gtce-nippontec-bss-ma.video.globo.com,Produção
gca-gtce-digital-seaju001,gtce-digital-aju-se,vod-01.gtce-digital-aju-se.video.globo.com,live-01.gtce-digital-aju-se.video.globo.com,Produção
gca-gtce-elonet-mgiza001,gtce-elonet-iza-mg,vod-01.gtce-elonet-iza-mg.video.globo.com,live-01.gtce-elonet-iza-mg.video.globo.com,Produção
gca-gtce-fibravip-spmii001,gtce-fibravip-mii-sp,vod-01.gtce-fibravip-mii-sp.video.globo.com,live-01.gtce-fibravip-mii-sp.video.globo.com,Produção
gca-gtce-people-rscxj001,gtce-people-cxj-rs,vod-01.gtce-people-cxj-rs.video.globo.com,live-01.gtce-people-cxj-rs.video.globo.com,Produção
gca-gtce-lrnet-maslz001,gtce-lrnet-slz-ma,vod-01.gtce-lrnet-slz-ma.video.globo.com,live-01.gtce-lrnet-slz-ma.video.globo.com,Produção
gca-gtce-gigaint-rspoa001,gtce-gigaint-poa-rs,vod-01.gtce-gigaint-poa-rs.video.globo.com,live-01.gtce-gigaint-poa-rs.video.globo.com,Produção
gca-gtce-duxtelecom-rooal001,gtce-duxtelecom-oal-ro,vod-01.gtce-duxtelecom-oal-ro.video.globo.com,live-01.gtce-duxtelecom-oal-ro.video.globo.com,Produção
gca-gtce-megganet-cefor001,gtce-megganet-for-ce,vod-01.gtce-megganet-for-ce.video.globo.com,live-01.gtce-megganet-for-ce.video.globo.com,Produção
gca-gtce-certtonet-prcac001,gtce-certtonet-cac-pr,vod-01.gtce-certtonet-cac-pr.video.globo.com,live-01.gtce-certtonet-cac-pr.video.globo.com,Produção
gca-gtce-rnortetel-pastm001,gtce-rnortetel-stm-pa,vod-01.gtce-rnortetel-stm-pa.video.globo.com,live-01.gtce-rnortetel-stm-pa.video.globo.com,Produção
gca-gtce-thefiber-gogyn001,gtce-thefiber-gyn-go,vod-01.gtce-thefiber-gyn-go.video.globo.com,live-01.gtce-thefiber-gyn-go.video.globo.com,Produção
gca-gtce-wntelecom-mgmce001,gtce-wntelecom-mce-mg,vod-01.gtce-wntelecom-mce-mg.video.globo.com,live-01.gtce-wntelecom-mce-mg.video.globo.com,Produção
gca-gtce-infotec-seuma001,gtce-infotec-uma-se,vod-01.gtce-infotec-uma-se.video.globo.com,live-01.gtce-infotec-uma-se.video.globo.com,Produção
gca-gtce-wnet-ammao001,gtce-wnet-mao-am,vod-01.gtce-wnet-mao-am.video.globo.com,live-01.gtce-wnet-mao-am.video.globo.com,Produção
gca-gtce-viunet-rsccn001,gtce-viunet-ccn-rs,vod-01.gtce-viunet-ccn-rs.video.globo.com,live-01.gtce-viunet-ccn-rs.video.globo.com,Produção
gca-gtce-psnet-pabel001,gtce-psnet-bel-pa,vod-01.gtce-psnet-bel-pa.video.globo.com,live-01.gtce-psnet-bel-pa.video.globo.com,Produção
gca-gtce-gigabyte-packs001,gtce-gigabyte-cks-pa,vod-01.gtce-gigabyte-cks-pa.video.globo.com,live-01.gtce-gigabyte-cks-pa.video.globo.com,Produção
gca-gtce-valnet-baval001,gtce-valnet-val-ba,vod-01.gtce-valnet-val-ba.video.globo.com,live-01.gtce-valnet-val-ba.video.globo.com,Produção
gca-gtce-goldtel-mgsgt001,gtce-goldtel-sgt-mg,vod-01.gtce-goldtel-sgt-mg.video.globo.com,live-01.gtce-goldtel-sgt-mg.video.globo.com,Produção
gca-gtce-fazzynet-esvat001,gtce-fazzynet-vat-es,vod-01.gtce-fazzynet-vat-es.video.globo.com,live-01.gtce-fazzynet-vat-es.video.globo.com,Produção
gca-turbozone-bafec001,edge-turbo-fec-ba,vod-01.edge-turbo-fec-ba.video.globo.com,live-01.edge-turbo-fec-ba.video.globo.com,Produção
gca-gtce-idnett-ammao001,gtce-idnett-mao-am,vod-01.gtce-idnett-mao-am.video.globo.com,live-01.gtce-idnett-mao-am.video.globo.com,Produção
gca-brisanet-gjdo002,edge-brisa-jdo-pb,vod-02.edge-brisa-jdo-pb.video.globo.com,live-02.edge-brisa-jdo-pb.video.globo.com,Produção
gca-brisanet-rnnat002,edge-brisa-nat-rn,vod-02.edge-brisa-nat-rn.video.globo.com,live-02.edge-brisa-nat-rn.video.globo.com,Produção
gca-gtce-vivatec-bacci001,gtce-vivatec-cci-ba,vod-01.gtce-vivatec-cci-ba.video.globo.com,live-01.gtce-vivatec-cci-ba.video.globo.com,Produção
gca-algar-sprbp002,edge-algar-rao-sp,vod-02.edge-algar-rao-sp.video.globo.com,live-02.edge-algar-rao-sp.video.globo.com,Deploy
gca-vtal-rjbrb002,edge-vtal-sdu-rj,vod-02.edge-vtal-sdu-rj.video.globo.com,live-02.edge-vtal-sdu-rj.video.globo.com,Deploy
gca-vtal-rjarc002,edge-vtal-gig-rj,vod-02.edge-vtal-gig-rj.video.globo.com,live-02.edge-vtal-gig-rj.video.globo.com,Deploy
gca-algar-mgube002,edge-algar-udi-mg,vod-02.edge-algar-udi-mg.video.globo.com,live-02.edge-algar-udi-mg.video.globo.com,Produção
gca-vtal-rjdqx002,edge-vtal-dcs-rj,vod-02.edge-vtal-dcs-rj.video.globo.com,live-02.edge-vtal-dcs-rj.video.globo.com,Deploy
gca-algar-spfrc002,edge-algar-frc-sp,vod-02.edge-algar-frc-sp.video.globo.com,live-02.edge-algar-frc-sp.video.globo.com,Produção
gca-gtce-minastel-selgo001,gtce-minastel-lgo-se,vod-01.gtce-minastel-lgo-se.video.globo.com,live-01.gtce-minastel-lgo-se.video.globo.com,Produção
gca-gtce-conecta-mgsji001,gtce-conecta-sji-mg,vod-01.gtce-conecta-sji-mg.video.globo.com,live-01.gtce-conecta-sji-mg.video.globo.com,Produção
gca-gtce-viarapida-prlsu001,gtce-viarapida-lsu-pr,vod-01.gtce-viarapida-lsu-pr.video.globo.com,live-01.gtce-viarapida-lsu-pr.video.globo.com,Produção
gca-claro-prcwb001,edge-claro-cwb-pr,vod-01.edge-claro-cwb-pr.video.globo.com,live-01.edge-claro-cwb-pr.video.globo.com,Produção
gca-gtce-poxnet-spsor001,gtce-poxnet-sor-sp,vod-01.gtce-poxnet-sor-sp.video.globo.com,live-01.gtce-poxnet-sor-sp.video.globo.com,Produção
gca-gtce-infolest-ammao001,gtce-infolest-mao-am,vod-01.gtce-infolest-mao-am.video.globo.com,live-01.gtce-infolest-mao-am.video.globo.com,Deploy
gca-gtce-digitalnet-mscgr001,gtce-digitalnet-cgr-ms,vod-01.gtce-digitalnet-cgr-ms.video.globo.com,live-01.gtce-digitalnet-cgr-ms.video.globo.com,Produção
gca-gtce-rbttel-rsgro001,gtce-rbttel-gro-rs,vod-01.gtce-rbttel-gro-rs.video.globo.com,live-01.gtce-rbttel-gro-rs.video.globo.com,Produção
gca-gtce-sebratel-rspoa001,gtce-sebratel-poa-rs,vod-01.gtce-sebratel-poa-rs.video.globo.com,live-01.gtce-sebratel-poa-rs.video.globo.com,Deploy
gca-gtce-brphonia-rssra001,gtce-brphonia-sra-rs,vod-01.gtce-brphonia-sra-rs.video.globo.com,live-01.gtce-brphonia-sra-rs.video.globo.com,Produção
gca-net-sne003,edge-claro-sne-sp,vod-03.edge-claro-sne-sp.video.globo.com,live-03.edge-claro-sne-sp.video.globo.com,Deploy
gca-gtce-sebratel-rsslo001,gtce-sebratel-slo-rs,vod-01.gtce-sebratel-slo-rs.video.globo.com,live-01.gtce-sebratel-slo-rs.video.globo.com,Deploy
gca-claro-rspet001,edge-claro-pet-rs,vod-01.edge-claro-pet-rs.video.globo.com,live-01.edge-claro-pet-rs.video.globo.com,Deploy
gca-claro-rjmqu001,edge-claro-mqu-rj,vod-01.edge-claro-mqu-rj.video.globo.com,live-01.edge-claro-mqu-rj.video.globo.com,Deploy
gca-net-spsjp003,edge-claro-sjp-sp,vod-03.edge-claro-sjp-sp.video.globo.com,live-03.edge-claro-sjp-sp.video.globo.com,Deploy
gca-claro-spqhb001,edge-claro-qhb-sp,vod-01.edge-claro-qhb-sp.video.globo.com,live-01.edge-claro-qhb-sp.video.globo.com,Deploy
gca-claro-pavdc001,edge-claro-vdc-pa,vod-01.edge-claro-vdc-pa.video.globo.com,live-01.edge-claro-vdc-pa.video.globo.com,Deploy
gca-claro-sptba001,edge-claro-tba-sp,vod-01.edge-claro-tba-sp.video.globo.com,live-01.edge-claro-tba-sp.video.globo.com,Deploy
gca-net-rjntr002,edge-claro-ntr-rj,vod-02.edge-claro-ntr-rj.video.globo.com,live-02.edge-claro-ntr-rj.video.globo.com,Deploy
gca-net-gyn002,edge-claro-gyn-go,vod-02.edge-claro-gyn-go.video.globo.com,live-02.edge-claro-gyn-go.video.globo.com,Deploy
gca-claro-mgvag001,edge-claro-vag-mg,vod-01.edge-claro-vag-mg.video.globo.com,live-01.edge-claro-vag-mg.video.globo.com,Deploy
gca-claro-mgudi001,edge-claro-udi-mg,vod-03.edge-claro-udi-mg.video.globo.com,live-03.edge-claro-udi-mg.video.globo.com,Deploy
gca-gtce-a51tel-msppa001,gtce-a51tel-ppa-ms,vod-01.gtce-a51tel-ppa-ms.video.globo.com,live-01.gtce-a51tel-ppa-ms.video.globo.com,Deploy
gca-k2-rjgpm002,edge-k2-gpm-rj,vod-02.edge-k2-gpm-rj.video.globo.com,live-02.edge-k2-gpm-rj.video.globo.com,Deploy
gca-gtce-lsmrnet-ammao001,gtce-lsmrnet-mao-am,vod-01.gtce-lsmrnet-mao-am.video.globo.com,live-01.gtce-lsmrnet-mao-am.video.globo.com,Deploy
gca-4wnet-bvb001,edge-4wn-bvb-rr,vod-01.edge-4wn-bvb-rr.video.globo.com,live-01.edge-4wn-bvb-rr.video.globo.com,Produção
gca-1telecom-perec001,edge-1telecom-rec-pe,vod-01.edge-1telecom-rec-pe.video.globo.com,live-01.edge-1telecom-rec-pe.video.globo.com,Produção
gca-ampernet-prpbc001,edge-ampernet-pto-pr,vod-01.edge-ampernet-pto-pr.video.globo.com,live-01.edge-ampernet-pto-pr.video.globo.com,Produção
gca-atel-pepnz001,edge-atel-pnz-pe,vod-01.edge-atel-pnz-pe.video.globo.com,live-01.edge-atel-pnz-pe.video.globo.com,Produção
gca-algar-spfrc001,edge-algar-frc-sp,vod-01.edge-algar-frc-sp.video.globo.com,live-01.edge-algar-frc-sp.video.globo.com,Produção
gca-algar-mgube001,edge-algar-udi-mg,vod-01.edge-algar-udi-mg.video.globo.com,live-01.edge-algar-udi-mg.video.globo.com,Produção
gca-algar-sprbp001,edge-algar-rao-sp,vod-01.edge-algar-rao-sp.video.globo.com,live-01.edge-algar-rao-sp.video.globo.com,Produção
gca-algar-basal001,edge-algar-ssa-ba,vod-01.edge-algar-ssa-ba.video.globo.com,live-01.edge-algar-ssa-ba.video.globo.com,Desativado
gca-brisanet-gjpa001,edge-brisa-jpa-pb,vod-01.edge-brisa-jpa-pb.video.globo.com,live-01.edge-brisa-jpa-pb.video.globo.com,Produção
gca-copel-prcwb001,edge-copel-cwb-pr,vod-01.edge-copel-cwb-pr.video.globo.com,live-01.edge-copel-cwb-pr.video.globo.com,Produção
gca-desktop-spsum001,edge-desk-suma-sp,vod-01.edge-desk-suma-sp.video.globo.com,live-01.edge-desk-suma-sp.video.globo.com,Produção
gca-dtel-pevsa001,edge-dtel-vsa-pe,vod-01.edge-dtel-vsa-pe.video.globo.com,live-01.edge-dtel-vsa-pe.video.globo.com,Produção
gca-brisanet-gjdo001,edge-brisa-jdo-pb,vod-01.edge-brisa-jdo-pb.video.globo.com,live-01.edge-brisa-jdo-pb.video.globo.com,Produção
gca-brisanet-gcru001,edge-brisa-cau-pe,vod-01.edge-brisa-cau-pe.video.globo.com,live-01.edge-brisa-cau-pe.video.globo.com,Produção
gca-brisanet-gcpv001,edge-brisa-cpv-pb,vod-01.edge-brisa-cpv-pb.video.globo.com,live-01.edge-brisa-cpv-pb.video.globo.com,Produção
gca-brisanet-seara001,edge-brisa-aju-se,vod-01.edge-brisa-aju-se.video.globo.com,live-01.edge-brisa-aju-se.video.globo.com,Produção
gca-brisanet-piter001,edge-brisa-the-pi,vod-01.edge-brisa-the-pi.video.globo.com,live-01.edge-brisa-the-pi.video.globo.com,Produção
gca-brisanet-gmcz1001,edge-brisa-mcz-al,vod-01.edge-brisa-mcz-al.video.globo.com,live-01.edge-brisa-mcz-al.video.globo.com,Produção
gca-brisanet-gnat001,edge-brisa-nat-rn,vod-01.edge-brisa-nat-rn.video.globo.com,live-01.edge-brisa-nat-rn.video.globo.com,Produção
gca-uni-rscdn001,open-univates-ljd-rs,vod-01.open-univates-ljd-rs.video.globo.com,live-01.open-univates-ljd-rs.video.globo.com,Produção
gca-uni-rscdn002,open-univates-ljd-rs,vod-02.open-univates-ljd-rs.video.globo.com,live-02.open-univates-ljd-rs.video.globo.com,Produção
gca-nic-amcdn001,open-nic-mao-am,vod-01.open-nic-mao-am.video.globo.com,live-01.open-nic-mao-am.video.globo.com,Produção
gca-nic-amcdn002,open-nic-mao-am,vod-02.open-nic-mao-am.video.globo.com,live-02.open-nic-mao-am.video.globo.com,Produção
gca-nic-bacdn001,open-nic-ssa-ba,vod-01.open-nic-ssa-ba.video.globo.com,live-01.open-nic-ssa-ba.video.globo.com,Produção
gca-nic-bacdn002,open-nic-ssa-ba,vod-02.open-nic-ssa-ba.video.globo.com,live-02.open-nic-ssa-ba.video.globo.com,Produção
gca-anid-pbcdn001,open-anid-cpv-pb,vod-01.open-anid-cpv-pb.video.globo.com,live-01.open-anid-cpv-pb.video.globo.com,Produção
gca-anid-pbcdn002,open-anid-cpv-pb,vod-02.open-anid-cpv-pb.video.globo.com,live-02.open-anid-cpv-pb.video.globo.com,Produção
gca-htm-cevjte001,edge-htm-vjt-ce,vod-01.edge-htm-vjt-ce.video.globo.com,live-01.edge-htm-vjt-ce.video.globo.com,Produção
gca-eletronet-topal001,edge-elet-pmw-to,vod-01.edge-elet-pmw-to.video.globo.com,live-01.edge-elet-pmw-to.video.globo.com,Produção
gca-htm-cecree001,edge-htm-cyr-ce,vod-01.edge-htm-cyr-ce.video.globo.com,live-01.edge-htm-cyr-ce.video.globo.com,Desativado
gca-htm-piprpe001,edge-htm-pir-pi,vod-01.edge-htm-pir-pi.video.globo.com,live-01.edge-htm-pir-pi.video.globo.com,Produção
gca-intnet-rjama001,edge-intnet-ama-rj,vod-01.edge-intnet-ama-rj.video.globo.com,live-01.edge-intnet-ama-rj.video.globo.com,Produção
gca-eletronet-piter001,edge-elet-the-pi,vod-01.edge-elet-the-pi.video.globo.com,live-01.edge-elet-the-pi.video.globo.com,Produção
gca-vivo-spojg001,edge-vivo-jg-sp,vod-01.edge-vivo-jg-sp.video.globo.com,live-01.edge-vivo-jg-sp.video.globo.com,Produção
gca-vivo-spojg002,edge-vivo-jg-sp,vod-02.edge-vivo-jg-sp.video.globo.com,live-02.edge-vivo-jg-sp.video.globo.com,Produção
gca-vivo-bsasi001,edge-vivo-si-df,vod-01.edge-vivo-si-df.video.globo.com,live-01.edge-vivo-si-df.video.globo.com,Produção
gca-vivo-srdvg001,edge-vivo-vg-ba,vod-01.edge-vivo-vg-ba.video.globo.com,live-01.edge-vivo-vg-ba.video.globo.com,Produção
gca-vivo-rceln001,edge-vivo-ln-pe,vod-01.edge-vivo-ln-pe.video.globo.com,live-01.edge-vivo-ln-pe.video.globo.com,Produção
gca-vivo-ctalp001,edge-vivo-alp-pr,vod-01.edge-vivo-alp-pr.video.globo.com,live-01.edge-vivo-alp-pr.video.globo.com,Produção
gca-vivo-paeind001,edge-vivo-poa-rs,vod-01.edge-vivo-poa-rs.video.globo.com,live-01.edge-vivo-poa-rs.video.globo.com,Produção
gca-vivo-sooll001,edge-vivo-fln-sc,vod-01.edge-vivo-fln-sc.video.globo.com,live-01.edge-vivo-fln-sc.video.globo.com,Produção
gca-vivo-spovm001,edge-vivo-vm-sp,vod-01.edge-vivo-vm-sp.video.globo.com,live-01.edge-vivo-vm-sp.video.globo.com,Produção
gca-vivo-spovm002,edge-vivo-vm-sp,vod-02.edge-vivo-vm-sp.video.globo.com,live-02.edge-vivo-vm-sp.video.globo.com,Produção
gca-vivo-casce001,edge-vivo-vcp-sp,vod-01.edge-vivo-vcp-sp.video.globo.com,live-01.edge-vivo-vcp-sp.video.globo.com,Produção
gca-vivo-bhebhf001,edge-vivo-plu-mg,vod-01.edge-vivo-plu-mg.video.globo.com,live-01.edge-vivo-plu-mg.video.globo.com,Produção
gca-vivo-cpecpl001,edge-vivo-cgr-ms,vod-01.edge-vivo-cgr-ms.video.globo.com,live-01.edge-vivo-cgr-ms.video.globo.com,Produção
gca-vivo-cbaccc001,edge-vivo-ccc-mt,vod-01.edge-vivo-ccc-mt.video.globo.com,live-01.edge-vivo-ccc-mt.video.globo.com,Produção
gca-vivo-gnado001,edge-vivo-do-go,vod-01.edge-vivo-do-go.video.globo.com,live-01.edge-vivo-do-go.video.globo.com,Produção
gca-vivo-slssfr001,edge-vivo-sfr-ma,vod-01.edge-vivo-sfr-ma.video.globo.com,live-01.edge-vivo-sfr-ma.video.globo.com,Produção
gca-vivo-spopdz001,edge-vivo-pdz-sp,vod-01.edge-vivo-pdz-sp.video.globo.com,live-01.edge-vivo-pdz-sp.video.globo.com,Produção
gca-vivo-spopdz002,edge-vivo-pdz-sp,vod-02.edge-vivo-pdz-sp.video.globo.com,live-02.edge-vivo-pdz-sp.video.globo.com,Produção
gca-vivo-spstswl001,edge-vivo-sst-sp,vod-01.edge-vivo-sst-sp.video.globo.com,live-01.edge-vivo-sst-sp.video.globo.com,Produção
gca-vivo-esvtaas001,edge-vivo-vix-es,vod-01.edge-vivo-vix-es.video.globo.com,live-01.edge-vivo-vix-es.video.globo.com,Produção
gca-vivo-bafsah001,edge-vivo-fec-ba,vod-01.edge-vivo-fec-ba.video.globo.com,live-01.edge-vivo-fec-ba.video.globo.com,Desativado
gca-vivo-pbjpayex001,edge-vivo-jpa-pb,vod-01.edge-vivo-jpa-pb.video.globo.com,live-01.edge-vivo-jpa-pb.video.globo.com,Desativado
gca-vivo-spsjcrh001,edge-vivo-sjc-sp,vod-01.edge-vivo-sjc-sp.video.globo.com,live-01.edge-vivo-sjc-sp.video.globo.com,Produção
gca-vivo-prmgajv001,edge-vivo-mgf-pr,vod-01.edge-vivo-mgf-pr.video.globo.com,live-01.edge-vivo-mgf-pr.video.globo.com,Desativado
gca-vivo-spose001,edge-vivo-se-sp,vod-01.edge-vivo-se-sp.video.globo.com,live-01.edge-vivo-se-sp.video.globo.com,Produção
gca-vivo-spose002,edge-vivo-se-sp,vod-02.edge-vivo-se-sp.video.globo.com,live-02.edge-vivo-se-sp.video.globo.com,Produção
gca-vivo-ulaudi001,edge-vivo-udi-mg,vod-01.edge-vivo-udi-mg.video.globo.com,live-01.edge-vivo-udi-mg.video.globo.com,Produção
gca-vivo-almcz001,edge-vivo-mcz-al,vod-01.edge-vivo-mcz-al.video.globo.com,live-01.edge-vivo-mcz-al.video.globo.com,Desativado
gca-vivo-brubac001,edge-vivo-jtc-sp,vod-01.edge-vivo-jtc-sp.video.globo.com,live-01.edge-vivo-jtc-sp.video.globo.com,Produção
gca-vivo-snesan001,edge-vivo-sne-sp,vod-01.edge-vivo-sne-sp.video.globo.com,live-01.edge-vivo-sne-sp.video.globo.com,Produção
gca-vivo-vdrvrd001,edge-vivo-vrd-rj,vod-01.edge-vivo-vrd-rj.video.globo.com,live-01.edge-vivo-vrd-rj.video.globo.com,Produção
gca-vivo-spojg003,edge-vivo-jg-sp,vod-03.edge-vivo-jg-sp.video.globo.com,live-03.edge-vivo-jg-sp.video.globo.com,Produção
gca-its-bassa001,edge-its-ssa-ba,vod-01.edge-its-ssa-ba.video.globo.com,live-01.edge-its-ssa-ba.video.globo.com,Produção
gca-lpnetlpsp-001,edge-lpnet-qgc-sp,vod-01.edge-lpnet-qgc-sp.video.globo.com,live-01.edge-lpnet-qgc-sp.video.globo.com,Produção
gca-master-mgmoc001,edge-master-moc-sp,vod-01.edge-master-moc-sp.video.globo.com,live-01.edge-master-moc-sp.video.globo.com,Produção
gca-mhnet-cpsc001,edge-mhnet-xap-sc,vod-01.edge-mhnet-xap-sc.video.globo.com,live-01.edge-mhnet-xap-sc.video.globo.com,Produção
gca-eletronet-spgran001,edge-elet-cgh-sp,vod-01.edge-elet-cgh-sp.video.globo.com,live-01.edge-elet-cgh-sp.video.globo.com,Desativado
gca-mhnet-pas001,edge-mhnet-pfb-rs,vod-01.edge-mhnet-pfb-rs.video.globo.com,live-01.edge-mhnet-pfb-rs.video.globo.com,Produção
gca-mob-ceunq001,edge-mob-jod-ce,vod-01.edge-mob-jod-ce.video.globo.com,live-01.edge-mob-jod-ce.video.globo.com,Produção
gca-nbs-pvodpd001,edge-nbs-pvh-ro,vod-01.edge-nbs-pvh-ro.video.globo.com,live-01.edge-nbs-pvh-ro.video.globo.com,Produção
gca-mob-cebcdc001,edge-mob-qbx-ce,vod-01.edge-mob-qbx-ce.video.globo.com,live-01.edge-mob-qbx-ce.video.globo.com,Produção
gca-nbs-pbwcnt001,edge-nbs-pbu-ro,vod-01.edge-nbs-pbu-ro.video.globo.com,live-01.edge-nbs-pbu-ro.video.globo.com,Desativado
gca-mob-picdm001,edge-mob-the-pi,vod-01.edge-mob-the-pi.video.globo.com,live-01.edge-mob-the-pi.video.globo.com,Produção
gca-nbs-rogjm001,edge-nbs-gjmr-ro,vod-01.edge-nbs-gjmr-ro.video.globo.com,live-01.edge-nbs-gjmr-ro.video.globo.com,Desativado
gca-osirnet-pltdu001,edge-osirnet-pet-rs,vod-01.edge-osirnet-pet-rs.video.globo.com,live-01.edge-osirnet-pet-rs.video.globo.com,Produção
gca-nbs-rovha001,edge-nbs-bvh-ro,vod-01.edge-nbs-bvh-ro.video.globo.com,live-01.edge-nbs-bvh-ro.video.globo.com,Produção
gca-nbs-roaqs001,edge-nbs-aqm-ro,vod-01.edge-nbs-aqm-ro.video.globo.com,live-01.edge-nbs-aqm-ro.video.globo.com,Produção
gca-nbs-mtcba001,edge-nbs-cgb-mt,vod-01.edge-nbs-cgb-mt.video.globo.com,live-01.edge-nbs-cgb-mt.video.globo.com,Produção
gca-predialnet-rjnit001,edge-predialnet-nit-rj,vod-01.edge-predialnet-nit-rj.video.globo.com,live-01.edge-predialnet-nit-rj.video.globo.com,Produção
gca-sinalbr-spsjp001,edge-sinal-sjp-sp,vod-01.edge-sinal-sjp-sp.video.globo.com,live-01.edge-sinal-sjp-sp.video.globo.com,Produção
gca-softdados-bassa001,edge-softdados-ssa-ba,vod-01.edge-softdados-ssa-ba.video.globo.com,live-01.edge-softdados-ssa-ba.video.globo.com,Produção
gca-vtal-rjarc001,edge-vtal-gig-rj,vod-01.edge-vtal-gig-rj.video.globo.com,live-01.edge-vtal-gig-rj.video.globo.com,Produção
gca-sky-spo001,edge-sky-spo-sp,vod-01.edge-sky-spo-sp.video.globo.com,live-01.edge-sky-spo-sp.video.globo.com,Desativado
gca-sumicity-rjita001,edge-sumi-ita-rj,vod-01.edge-sumi-ita-rj.video.globo.com,live-01.edge-sumi-ita-rj.video.globo.com,Produção
gca-sumicity-rjgua001,edge-sumi-gua-rj,vod-01.edge-sumi-gua-rj.video.globo.com,live-01.edge-sumi-gua-rj.video.globo.com,Produção
gca-sumicity-escar001,edge-sumi-cari-es,vod-01.edge-sumi-cari-es.video.globo.com,live-01.edge-sumi-cari-es.video.globo.com,Produção
gca-tim-bassa001,edge-tim-ssa-ba,vod-01.edge-tim-ssa-ba.video.globo.com,live-01.edge-tim-ssa-ba.video.globo.com,Produção
gca-tim-ammao001,edge-tim-mao-am,vod-01.edge-tim-mao-am.video.globo.com,live-01.edge-tim-mao-am.video.globo.com,Produção
gca-ebt-maoem001,edge-claro-mao-am,vod-01.edge-claro-mao-am.video.globo.com,live-01.edge-claro-mao-am.video.globo.com,Produção
gca-ebt-maoem002,edge-claro-mao-am,vod-02.edge-claro-mao-am.video.globo.com,live-02.edge-claro-mao-am.video.globo.com,Produção
gca-ebt-blmqb001,edge-claro-bel-pa,vod-01.edge-claro-bel-pa.video.globo.com,live-01.edge-claro-bel-pa.video.globo.com,Produção
gca-net-gyn001,edge-claro-gyn-go,vod-01.edge-claro-gyn-go.video.globo.com,live-01.edge-claro-gyn-go.video.globo.com,Produção
gca-net-for001,edge-claro-for-ce,vod-01.edge-claro-for-ce.video.globo.com,live-01.edge-claro-for-ce.video.globo.com,Produção
gca-unitioidc-001,edge-unific-tio-sc,vod-01.edge-unific-tio-sc.video.globo.com,live-01.edge-unific-tio-sc.video.globo.com,Produção
gca-unijgsc-001,edge-unific-jjg-sc,vod-01.edge-unific-jjg-sc.video.globo.com,live-01.edge-unific-jjg-sc.video.globo.com,Produção
gca-unillgs-001,edge-unific-laj-sc,vod-01.edge-unific-laj-sc.video.globo.com,live-01.edge-unific-laj-sc.video.globo.com,Produção
gca-unifique-scita001,edge-unific-itj-sc,vod-01.edge-unific-itj-sc.video.globo.com,live-01.edge-unific-itj-sc.video.globo.com,Produção
gca-ultrafibra-cesol001,edge-ulfibra-sol-ce,vod-01.edge-ulfibra-sol-ce.video.globo.com,live-01.edge-ulfibra-sol-ce.video.globo.com,Produção
gca-valenet-dcmg001,edge-vale-ita-mg,vod-01.edge-vale-ita-mg.video.globo.com,live-01.edge-vale-ita-mg.video.globo.com,Produção
gca-valenet-dqmg001,edge-vale-cnf-mg,vod-01.edge-vale-cnf-mg.video.globo.com,live-01.edge-vale-cnf-mg.video.globo.com,Produção
gca-vero-dvl001,edge-vero-diq-mg,vod-01.edge-vero-diq-mg.video.globo.com,live-01.edge-vero-diq-mg.video.globo.com,Produção
gca-vero-cnl001,edge-vero-qdf-mg,vod-01.edge-vero-qdf-mg.video.globo.com,live-01.edge-vero-qdf-mg.video.globo.com,Produção
gca-vero-sge001,edge-vero-sqx-sc,vod-01.edge-vero-sqx-sc.video.globo.com,live-01.edge-vero-sqx-sc.video.globo.com,Produção
gca-vero-jfa001,edge-vero-jdf-mg,vod-01.edge-vero-jdf-mg.video.globo.com,live-01.edge-vero-jdf-mg.video.globo.com,Produção
gca-weclix-sprao001,edge-weclix-rao-sp,vod-01.edge-weclix-rao-sp.video.globo.com,live-01.edge-weclix-rao-sp.video.globo.com,Produção
gca-wixnet-mgpas001,edge-wixnet-pas-mg,vod-01.edge-wixnet-pas-mg.video.globo.com,live-01.edge-wixnet-pas-mg.video.globo.com,Produção
gca-net-rec001,edge-claro-rec-pa,vod-01.edge-claro-rec-pa.video.globo.com,live-01.edge-claro-rec-pa.video.globo.com,Produção
gca-ebt-pvofq001,edge-claro-pvh-ro,vod-01.edge-claro-pvh-ro.video.globo.com,live-01.edge-claro-pvh-ro.video.globo.com,Produção
gca-net-poa001,edge-claro-poa-rs,vod-01.edge-claro-poa-rs.video.globo.com,live-01.edge-claro-poa-rs.video.globo.com,Desativado
gca-net-vcp001,edge-claro-vcp-sp,vod-01.edge-claro-vcp-sp.video.globo.com,live-01.edge-claro-vcp-sp.video.globo.com,Produção
gca-net-ssa001,edge-claro-ssa-ba,vod-01.edge-claro-ssa-ba.video.globo.com,live-01.edge-claro-ssa-ba.video.globo.com,Produção
gca-net-cgr001,edge-claro-cgr-ms,vod-01.edge-claro-cgr-ms.video.globo.com,live-01.edge-claro-cgr-ms.video.globo.com,Produção
gca-net-cgb001,edge-claro-cgb-mt,vod-01.edge-claro-cgb-mt.video.globo.com,live-01.edge-claro-cgb-mt.video.globo.com,Produção
gca-net-bhz001,edge-claro-plu-mg,vod-01.edge-claro-plu-mg.video.globo.com,live-01.edge-claro-plu-mg.video.globo.com,Desativado
gca-net-bhz002_old,edge-claro-plu-mg,vod-02.edge-claro-plu-mg.video.globo.com,live-02.edge-claro-plu-mg.video.globo.com,Desativado
gca-net-cwb001,edge-claro-cwb-pr,vod-01.edge-claro-cwb-pr.video.globo.com,live-01.edge-claro-cwb-pr.video.globo.com,Desativado
gca-net-bsb001,edge-claro-bsb-df,vod-01.edge-claro-bsb-df.video.globo.com,live-01.edge-claro-bsb-df.video.globo.com,Desativado
gca-aranet-toaux001,edge-aranet-aux-to,vod-01.edge-aranet-aux-to.video.globo.com,live-01.edge-aranet-aux-to.video.globo.com,Produção
gca-net-bsb002,edge-claro-bsb-df,vod-02.edge-claro-bsb-df.video.globo.com,live-02.edge-claro-bsb-df.video.globo.com,Desativado
gca-net-sne001,edge-claro-sne-sp,vod-01.edge-claro-sne-sp.video.globo.com,live-01.edge-claro-sne-sp.video.globo.com,Produção
gca-net-sne002_old,edge-claro-sne-sp,vod-02.edge-claro-sne-sp.video.globo.com,live-02.edge-claro-sne-sp.video.globo.com,Desativado
gca-net-rbr001,edge-claro-rao-sp,vod-01.edge-claro-rao-sp.video.globo.com,live-01.edge-claro-rao-sp.video.globo.com,Produção
gca-net-fln001,edge-claro-fln-sc,vod-01.edge-claro-fln-sc.video.globo.com,live-01.edge-claro-fln-sc.video.globo.com,Produção
gca-net-vix001,edge-claro-vix-es,vod-01.edge-claro-vix-es.video.globo.com,live-01.edge-claro-vix-es.video.globo.com,Produção
gca-net-sposa001,edge-claro-osa-sp,vod-01.edge-claro-osa-sp.video.globo.com,live-01.edge-claro-osa-sp.video.globo.com,Produção
gca-net-spsor001,edge-claro-sor-sp,vod-01.edge-claro-sor-sp.video.globo.com,live-01.edge-claro-sor-sp.video.globo.com,Produção
gca-net-spsts001,edge-claro-sts-sp,vod-01.edge-claro-sts-sp.video.globo.com,live-01.edge-claro-sts-sp.video.globo.com,Produção
gca-net-spsdai001,edge-claro-sda-sp,vod-01.edge-claro-sda-sp.video.globo.com,live-01.edge-claro-sda-sp.video.globo.com,Produção
gca-net-spsjk001,edge-claro-sjk-sp,vod-01.edge-claro-sjk-sp.video.globo.com,live-01.edge-claro-sjk-sp.video.globo.com,Produção
gca-invista-spsnl001,edge-invista-snl-sp,vod-01.edge-invista-snl-sp.video.globo.com,live-01.edge-invista-snl-sp.video.globo.com,Produção
gca-tuddo-mgesz001,edge-tuddo-esz-mg,vod-01.edge-tuddo-esz-mg.video.globo.com,live-01.edge-tuddo-esz-mg.video.globo.com,Produção
gca-tuddo-rjpn001,edge-tuddo-pnc-rj,vod-01.edge-tuddo-pnc-rj.video.globo.com,live-01.edge-tuddo-pnc-rj.video.globo.com,Produção
gca-click-mgaax001,edge-click-aax-mg,vod-01.edge-click-aax-mg.video.globo.com,live-01.edge-click-aax-mg.video.globo.com,Produção
gca-corp-mgppy001,edge-corp-ppy-mg,vod-01.edge-corp-ppy-mg.video.globo.com,live-01.edge-corp-ppy-mg.video.globo.com,Produção
gca-america-spppb001,edge-america-ppb-sp,vod-01.edge-america-ppb-sp.video.globo.com,live-01.edge-america-ppb-sp.video.globo.com,Produção
gca-america-sparu001,edge-america-aru-sp,vod-01.edge-america-aru-sp.video.globo.com,live-01.edge-america-aru-sp.video.globo.com,Produção
gca-dmznet-mgudi001,edge-dmznet-udi-mg,vod-01.edge-dmznet-udi-mg.video.globo.com,live-01.edge-dmznet-udi-mg.video.globo.com,Desativado
gca-sea-patur001,edge-sea-tur-pa,vod-01.edge-sea-tur-pa.video.globo.com,live-01.edge-sea-tur-pa.video.globo.com,Produção
gca-connect-cefor001,edge-connect-for-ce,vod-01.edge-connect-for-ce.video.globo.com,live-01.edge-connect-for-ce.video.globo.com,Produção
gca-iwnet-spcgh001,edge-iwnet-cgh-sp,vod-01.edge-iwnet-cgh-sp.video.globo.com,live-01.edge-iwnet-cgh-sp.video.globo.com,Produção
gca-turbo-bafec001-old,edge-turbo-fec-ba,vod-01.edge-turbo-fec-ba.video.globo.com,live-01.edge-turbo-fec-ba.video.globo.com,Desativado
gca-explorer-goaps001,edge-explorer-aps-go,vod-01.edge-explorer-aps-go.video.globo.com,live-01.edge-explorer-aps-go.video.globo.com,Produção
gca-voce-apmcp001,edge-voce-mcp-ap,vod-01.edge-voce-mcp-ap.video.globo.com,live-01.edge-voce-mcp-ap.video.globo.com,Produção
gca-voce-pagop001,edge-voce-gop-pa,vod-01.edge-voce-gop-pa.video.globo.com,live-01.edge-voce-gop-pa.video.globo.com,Produção
gca-oi-bel001,edge-oi-bel-pa,vod-01.edge-oi-bel-pa.video.globo.com,live-01.edge-oi-bel-pa.video.globo.com,Produção
gca-oi-maslz001,edge-oi-cto-ma,vod-01.edge-oi-cto-ma.video.globo.com,live-01.edge-oi-cto-ma.video.globo.com,Produção
gca-oi-pamia001,edge-oi-mia-pa,vod-01.edge-oi-mia-pa.video.globo.com,live-01.edge-oi-mia-pa.video.globo.com,Produção
gca-oi-ammao001,edge-oi-maoce-am,vod-01.edge-oi-maoce-am.video.globo.com,live-01.edge-oi-maoce-am.video.globo.com,Produção
gca-oi-ampar001,edge-oi-maopar-am,vod-01.edge-oi-maopar-am.video.globo.com,live-01.edge-oi-maopar-am.video.globo.com,Produção
gca-oi-acrbr001,edge-oi-rbr-ac,vod-01.edge-oi-rbr-ac.video.globo.com,live-01.edge-oi-rbr-ac.video.globo.com,Produção
gca-oi-maanl001,edge-oi-anl-ma,vod-01.edge-oi-anl-ma.video.globo.com,live-01.edge-oi-anl-ma.video.globo.com,Produção
gca-oi-rec001,edge-oi-ebvt-pe,vod-01.edge-oi-ebvt-pe.video.globo.com,live-01.edge-oi-ebvt-pe.video.globo.com,Produção
gca-lideri-peola001,edge-lideri-ola-pe,vod-01.edge-lideri-ola-pe.video.globo.com,live-01.edge-lideri-ola-pe.video.globo.com,Produção
gca-net-apmcp001,edge-claro-mcp-ap,vod-01.edge-claro-mcp-ap.video.globo.com,live-01.edge-claro-mcp-ap.video.globo.com,Produção
gca-forte-rjcaw001,edge-forte-caw-rj,vod-01.edge-forte-caw-rj.video.globo.com,live-01.edge-forte-caw-rj.video.globo.com,Produção
gca-oops-alapq001,edge-oops-apq-al,vod-01.edge-oops-apq-al.video.globo.com,live-01.edge-oops-apq-al.video.globo.com,Produção
gca-net-spqdv001,edge-claro-qdv-sp,vod-01.edge-claro-qdv-sp.video.globo.com,live-01.edge-claro-qdv-sp.video.globo.com,Produção
gca-net-spmcs001,edge-claro-mcs-sp,vod-01.edge-claro-mcs-sp.video.globo.com,live-01.edge-claro-mcs-sp.video.globo.com,Produção
gca-net-scbnu001,edge-claro-bnu-sc,vod-01.edge-claro-bnu-sc.video.globo.com,live-01.edge-claro-bnu-sc.video.globo.com,Produção
gca-net-scjoi001,edge-claro-joi-sc,vod-01.edge-claro-joi-sc.video.globo.com,live-01.edge-claro-joi-sc.video.globo.com,Produção
gca-net-prldb001,edge-claro-ldb-pr,vod-01.edge-claro-ldb-pr.video.globo.com,live-01.edge-claro-ldb-pr.video.globo.com,Produção
gca-net-almcz001,edge-claro-mcz-al,vod-01.edge-claro-mcz-al.video.globo.com,live-01.edge-claro-mcz-al.video.globo.com,Produção
gca-net-maslz001,edge-claro-slz-ma,vod-01.edge-claro-slz-ma.video.globo.com,live-01.edge-claro-slz-ma.video.globo.com,Produção
gca-net-rscxl001,edge-claro-cxl-rs,vod-01.edge-claro-cxl-rs.video.globo.com,live-01.edge-claro-cxl-rs.video.globo.com,Produção
gca-net-pbjpa001,edge-claro-jpa-pb,vod-01.edge-claro-jpa-pb.video.globo.com,live-01.edge-claro-jpa-pb.video.globo.com,Produção
gca-net-rnnat001,edge-claro-nat-rn,vod-01.edge-claro-nat-rn.video.globo.com,live-01.edge-claro-nat-rn.video.globo.com,Produção
gca-net-seaju001,edge-claro-aju-se,vod-01.edge-claro-aju-se.video.globo.com,live-01.edge-claro-aju-se.video.globo.com,Produção
gca-net-rsccn001,edge-claro-ccn-rs,vod-01.edge-claro-ccn-rs.video.globo.com,live-01.edge-claro-ccn-rs.video.globo.com,Produção
gca-leste-rjita001,edge-leste-ita-rj,vod-01.edge-leste-ita-rj.video.globo.com,live-01.edge-leste-ita-rj.video.globo.com,Produção
gca-jupiter-maimp001,edge-jupiter-imp-ma,vod-01.edge-jupiter-imp-ma.video.globo.com,live-01.edge-jupiter-imp-ma.video.globo.com,Produção
gca-oi-rec002,edge-oi-ebvt-pe,vod-02.edge-oi-ebvt-pe.video.globo.com,live-02.edge-oi-ebvt-pe.video.globo.com,Produção
gca-oi-bvg001,edge-oi-ebvg-pe,vod-01.edge-oi-ebvg-pe.video.globo.com,live-01.edge-oi-ebvg-pe.video.globo.com,Produção
gca-oi-bvg002,edge-oi-ebvg-pe,vod-02.edge-oi-ebvg-pe.video.globo.com,live-02.edge-oi-ebvg-pe.video.globo.com,Produção
gca-oi-apmcp001,edge-oi-mcp-ap,vod-01.edge-oi-mcp-ap.video.globo.com,live-01.edge-oi-mcp-ap.video.globo.com,Produção
gca-oi-bassa001,edge-oi-bdea-ba,vod-01.edge-oi-bdea-ba.video.globo.com,live-01.edge-oi-bdea-ba.video.globo.com,Produção
gca-oi-bavla001,edge-oi-ssa-ba,vod-01.edge-oi-ssa-ba.video.globo.com,live-01.edge-oi-ssa-ba.video.globo.com,Produção
gca-oi-cnf001,edge-oi-hga-mg,vod-01.edge-oi-hga-mg.video.globo.com,live-01.edge-oi-hga-mg.video.globo.com,Produção
gca-oi-cnf002,edge-oi-hga-mg,vod-02.edge-oi-hga-mg.video.globo.com,live-02.edge-oi-hga-mg.video.globo.com,Produção
gca-oi-crz001,edge-oi-mpi-mg,vod-01.edge-oi-mpi-mg.video.globo.com,live-01.edge-oi-mpi-mg.video.globo.com,Produção
gca-oi-crz002,edge-oi-mpi-mg,vod-02.edge-oi-mpi-mg.video.globo.com,live-02.edge-oi-mpi-mg.video.globo.com,Produção
gca-oi-mtcgb001,edge-oi-ecox-mt,vod-01.edge-oi-ecox-mt.video.globo.com,live-01.edge-oi-ecox-mt.video.globo.com,Produção
gca-oi-mtcba001,edge-oi-ecba-mt,vod-01.edge-oi-ecba-mt.video.globo.com,live-01.edge-oi-ecba-mt.video.globo.com,Produção
gca-novanet-rscgc001,edge-novanet-cgc-rs,vod-01.edge-novanet-cgc-rs.video.globo.com,live-01.edge-novanet-cgc-rs.video.globo.com,Produção
gca-fonte-pithe001,edge-fonte-the-pi,vod-01.edge-fonte-the-pi.video.globo.com,live-01.edge-fonte-the-pi.video.globo.com,Produção
gca-station-rjdcs001,edge-station-dcs-rj,vod-01.edge-station-dcs-rj.video.globo.com,live-01.edge-station-dcs-rj.video.globo.com,Produção
gca-alcans-sprao001,edge-alcans-rao-sp,vod-01.edge-alcans-rao-sp.video.globo.com,live-01.edge-alcans-rao-sp.video.globo.com,Produção
gca-olla-ropvh001,edge-olla-pvh-ro,vod-01.edge-olla-pvh-ro.video.globo.com,live-01.edge-olla-pvh-ro.video.globo.com,Produção
gca-telnets-spjls001,edge-telnets-jls-sp,vod-01.edge-telnets-jls-sp.video.globo.com,live-01.edge-telnets-jls-sp.video.globo.com,Produção
gca-telnets-spbii001,edge-telnets-bii-sp,vod-01.edge-telnets-bii-sp.video.globo.com,live-01.edge-telnets-bii-sp.video.globo.com,Produção
gca-telnets-mstjl001,edge-telnets-tjl-ms,vod-01.edge-telnets-tjl-ms.video.globo.com,live-01.edge-telnets-tjl-ms.video.globo.com,Produção
gca-ibi-mggvr002,edge-ibi-gvr-mg,vod-02.edge-ibi-gvr-mg.video.globo.com,live-02.edge-ibi-gvr-mg.video.globo.com,Deploy
gca-megatel-pithe001,edge-megatel-the-pi,vod-01.edge-megatel-the-pi.video.globo.com,live-01.edge-megatel-the-pi.video.globo.com,Deploy
,,,,
,,,,
,,,,
,,,,
,,,,
,,,,
,,,,
,,,,
,,,,
,,,,
,,,,
,,,,
,,,,
,,,,
,,,,
,,,,
,,,,
,,,,
,,,,
,,,,
,,,,
,,,,
,,,,
,,,,
,,,,
,,,,
,,,,
,,,,
,,,,
,,,,
,,,,
,,,,
,,,,
,,,,
,,,,
,,,,
,,,,
,,,,
,,,,
,,,,
,,,,
,,,,
,,,,
,,,,
,,,,
,,,,
,,,,
,,,,
,,,,
,,,,
,,,,
,,,,
,,,,
,,,,
,,,,
,,,,
,,,,
,,,,
,,,,
,,,,
,,,,
,,,,
,,,,
,,,,
,,,,
,,,,
,,,,
,,,,
,,,,
,,,,
,,,,
,,,,
,,,,
,,,,
,,,,
,,,,
,,,,
,,,,
,,,,
,,,,
,,,,
,,,,
,,,,
,,,,
,,,,
,,,,
,,,,
,,,,
,,,,
,,,,
,,,,
,,,,
,,,,
,,,,
,,,,
,,,,
,,,,
,,,,
,,,,
,,,,
,,,,
,,,,
,,,,
,,,,
,,,,
,,,,
,,,,
,,,,
,,,,
,,,,
,,,,
,,,,
,,,,
,,,,
,,,,
,,,,
,,,,
,,,,
,,,,
,,,,
,,,,
,,,,
,,,,
,,,,
,,,,
,,,,
,,,,
,,,,
,,,,
,,,,
,,,,
,,,,
,,,,
,,,,
,,,,
,,,,
,,,,
,,,,
,,,,
,,,,
,,,,
,,,,
,,,,
,,,,
,,,,
,,,,
,,,,
,,,,
,,,,
,,,,
,,,,
,,,,
,,,,
,,,,
,,,,
,,,,
,,,,
,,,,
,,,,
,,,,
,,,,
,,,,
,,,,
,,,,
,,,,
,,,,
,,,,
,,,,
,,,,
,,,,
,,,,
,,,,
,,,,
,,,,
,,,,
,,,,
,,,,
,,,,
,,,,
,,,,
,,,,
,,,,
,,,,
,,,,
,,,,
,,,,
,,,,
,,,,
,,,,
,,,,
,,,,
,,,,
,,,,
,,,,
,,,,
,,,,
,,,,
,,,,
,,,,
,,,,
,,,,
,,,,
,,,,
,,,,
,,,,
,,,,
,,,,
,,,,
,,,,
,,,,
,,,,
,,,,
,,,,
,,,,
,,,,
,,,,
,,,,
,,,,
,,,,
,,,,
,,,,
,,,,
,,,,
,,,,
,,,,
,,,,
,,,,
,,,,
,,,,
,,,,
,,,,
,,,,
,,,,
,,,,
,,,,
,,,,
,,,,
,,,,
,,,,
,,,,
,,,,
,,,,
,,,,
,,,,
,,,,
,,,,
,,,,
,,,,
,,,,
,,,,
,,,,
,,,,
,,,,
,,,,
,,,,
,,,,
,,,,
,,,,
,,,,
,,,,
,,,,
,,,,
,,,,
,,,,
,,,,
,,,,
,,,,
,,,,
,,,,
,,,,
,,,,
,,,,
,,,,
,,,,
,,,,
,,,,
,,,,
,,,,
,,,,
,,,,
,,,,
,,,,
,,,,
,,,,
,,,,
,,,,
,,,,
,,,,
,,,,
,,,,
,,,,
,,,,
,,,,
,,,,
,,,,
,,,,
,,,,
,,,,
,,,,
,,,,
,,,,
,,,,
,,,,
,,,,
,,,,
,,,,
,,,,
,,,,
,,,,
,,,,
,,,,
,,,,
,,,,
,,,,
,,,,
,,,,
,,,,
,,,,
,,,,
,,,,
,,,,
,,,,
,,,,
,,,,
,,,,
,,,,
,,,,
,,,,
,,,,
,,,,
,,,,
,,,,
,,,,
,,,,
,,,,
,,,,
,,,,
,,,,
,,,,
,,,,
,,,,
,,,,
,,,,
,,,,
,,,,
,,,,
,,,,
,,,,
,,,,
,,,,
,,,,
,,,,
,,,,
,,,,
,,,,
,,,,
,,,,
,,,,
,,,,
,,,,
,,,,
,,,,
,,,,
,,,,
,,,,
,,,,
,,,,
,,,,
,,,,
,,,,
,,,,
,,,,
,,,,
,,,,
,,,,
,,,,
,,,,
,,,,
,,,,
,,,,
,,,,
,,,,
,,,,
,,,,
,,,,
,,,,
,,,,
,,,,
,,,,
,,,,
,,,,
,,,,
,,,,
,,,,
,,,,
,,,,
,,,,
,,,,
,,,,
,,,,
,,,,
,,,,
,,,,
,,,,
,,,,
,,,,
,,,,
,,,,
,,,,
,,,,
,,,,
,,,,
,,,,
,,,,
,,,,
,,,,
,,,,
,,,,
,,,,
,,,,
,,,,
,,,,
,,,,
,,,,
,,,,
,,,,
,,,,
,,,,
,,,,
,,,,
,,,,
,,,,
,,,,
,,,,
,,,,
,,,,
,,,,
,,,,
,,,,
,,,,
,,,,
,,,,
,,,,
,,,,
,,,,
,,,,
,,,,
,,,,
,,,,
,,,,
,,,,
,,,,
,,,,
,,,,
,,,,
,,,,
,,,,
,,,,
,,,,
,,,,
,,,,
,,,,
,,,,
,,,,
,,,,
,,,,
,,,,
,,,,
,,,,
,,,,
,,,,
,,,,
,,,,
,,,,
,,,,
,,,,
,,,,
,,,,
,,,,
,,,,
,,,,
,,,,
,,,,
,,,,
,,,,
,,,,
,,,,
,,,,
,,,,
,,,,
,,,,
,,,,
,,,,
,,,,
,,,,
,,,,
,,,,
,,,,
,,,,
,,,,
,,,,
,,,,
,,,,
,,,,
,,,,
,,,,
,,,,
,,,,
,,,,
,,,,
,,,,
,,,,
,,,,
,,,,
,,,,
,,,,
,,,,
,,,,
,,,,
,,,,
,,,,
,,,,
,,,,
,,,,
,,,,
,,,,
,,,,
,,,,
,,,,
,,,,
,,,,
,,,,
,,,,
,,,,
,,,,
,,,,
,,,,
,,,,
,,,,
,,,,
,,,,
,,,,
,,,,
,,,,
,,,,
,,,,
,,,,
,,,,
,,,,
,,,,
,,,,
,,,,
,,,,
,,,,
,,,,
,,,,
,,,,
,,,,
,,,,
,,,,
,,,,
,,,,
,,,,
,,,,
